t,thetaNoisy,omegaNoisy,thetaDot,omegaDot,F_data,F_true
0,0.00130021628315766,6.24150451698263,6.15092896278016,-6.69643439752751,-6.68702849487395,-5.13143069716392
0.050125313283208,0.308347257742424,5.91170643747974,5.92156543927936,-7.68680940335275,-4.70094839774929,-4.6766631641095
0.100250626566416,0.595358912870078,5.4682432596322,5.44052742040431,-9.42131015038671,-3.92597380594359,-4.09659073439478
0.150375939849624,0.854114235499802,4.95771498959849,4.8893435752135,-10.6667704324478,-3.26641071097312,-3.45688293158063
0.200501253132832,1.0886623114138,4.41447372790071,4.34641172172847,-11.3855312370567,-2.7116179097277,-2.81781058154817
0.25062656641604,1.28884307906221,3.81088485968778,3.84675304633877,-11.5914224249448,-2.16448180032292,-2.22249493691322
0.300751879699248,1.46167930268894,3.23503326587515,3.2468532825601,-11.4801329185419,-1.71953233608039,-1.69604322122066
0.350877192982456,1.62642839200152,2.67011334315301,2.57533496401513,-11.0338737313519,-1.23386017588976,-1.2488187112225
0.401002506265664,1.7379909306737,2.13738436386046,2.06519371175987,-10.4707493297701,-0.782605780397128,-0.880536485947575
0.451127819548872,1.80837216001685,1.60762787340466,1.63005446096227,-10.0598818697099,-0.560121796843022,-0.584102252787739
0.50125313283208,1.88149060513221,1.13756253668131,1.20411594897692,-9.69545747366856,-0.387152972961731,-0.350377996903703
0.551378446115288,1.96321734637591,0.648626381346341,0.816406028900355,-9.37303206631844,-0.237140794613486,-0.171382259365918
0.601503759398496,1.96946834054611,0.178073553874512,0.286180382178229,-9.21161142938513,-0.187659845702148,-0.0406799430438784
0.651629072681704,1.96883500124962,-0.270796873361457,-0.320923676658522,-9.13451616470907,-0.104900101911589,0.0463394392894646
0.701754385964912,1.94339875616158,-0.725833573832185,-0.791912257049972,-9.13356996155956,0.00947999333750538,0.0921299804348382
0.75187969924812,1.89297219872868,-1.19104097257092,-1.18235625682601,-9.23224874379743,0.0730138028571972,0.096914141117054
0.802005012531328,1.82251639505028,-1.6566167730092,-1.6195469633373,-9.36005803927775,0.139278143369078,0.0586904477064238
0.852130325814536,1.7246054820186,-2.1348445888356,-2.1768566190198,-9.64309826481679,0.0418897552873094,-0.0263118224244663
0.902255639097744,1.61763127109732,-2.60260925448269,-2.67934777397453,-9.89593159459612,-0.0916361074117766,-0.161999831963983
0.952380952380952,1.46136447655713,-3.12199851902173,-3.10741287027267,-10.0498228735314,-0.297818577611958,-0.350600702954599
1.00250626566416,1.27324545702736,-3.64074619682335,-3.62356498322998,-10.038154994744,-0.603226351386056,-0.590724520142784
1.05263157894737,1.11883193597703,-4.10835120415972,-4.13108161664329,-9.57678890559398,-0.839654972910019,-0.876408270332092
1.10275689223058,0.878988676887428,-4.59585437726939,-4.6012617506188,-8.62456636851765,-1.06838831676821,-1.18961934623061
1.15288220551378,0.636775725254716,-4.99143680543222,-5.05403773877591,-7.21558681066701,-1.37709361991783,-1.49709223880974
1.20300751879699,0.365415231620464,-5.32071201749109,-5.2939671273286,-5.27295010425914,-1.7020390421161,-1.76152910923994
1.2531328320802,0.107919822201454,-5.51913781294119,-5.43351926641812,-2.90250692962032,-1.85739560468687,-1.94761721181093
1.30325814536341,-0.164535611804434,-5.60586176634873,-5.50746277085474,-0.305018298193369,-1.98545185120966,-2.02762205657285
1.35338345864662,-0.446062747299547,-5.56717905133489,-5.48174402832589,2.24478304488003,-1.98145048410992,-1.98595211717043
1.40350877192982,-0.733308552626116,-5.37394574496445,-5.385388734543,4.52831335365168,-1.95274405454964,-1.82815959589303
1.45363408521303,-0.971375520709479,-5.09348628479634,-5.0590943143782,6.46375235385903,-1.71215062847092,-1.58630773610295
1.50375939849624,-1.2387692355685,-4.73687409016127,-4.66349984344847,7.85540666581076,-1.38670619699062,-1.29759350485501
1.55388471177945,-1.45397135689384,-4.31217128001587,-4.32873271059607,8.64497692939856,-1.09680480529378,-0.998552490154993
1.60401002506266,-1.65615133201125,-3.85357161569898,-3.90560273655618,8.9969152005371,-0.771567056855201,-0.720413618096393
1.65413533834586,-1.84669712618313,-3.40047803825152,-3.43187336732897,8.93857487432495,-0.506698424363933,-0.48190631806266
1.70426065162907,-2.01310276640909,-2.98053284200694,-3.05759176044229,8.52993711638178,-0.361979958679752,-0.288801204867889
1.75438596491228,-2.14524393475825,-2.53839747695114,-2.59817125199384,8.04380805037466,-0.161544362954244,-0.141264308444936
1.80451127819549,-2.26573606031791,-2.16299811024754,-2.19749475035646,7.54859255859392,0.0237337400386242,-0.0351939553156748
1.8546365914787,-2.37832065668799,-1.80052573878268,-1.83271112092983,6.92641182013774,0.094285348121856,0.0356886073273416
1.9047619047619,-2.44220807306576,-1.46183180904368,-1.45205107132458,6.34399195835319,0.0956617425206163,0.0779307057995606
1.95488721804511,-2.52990007095075,-1.15684927745418,-1.15985368693722,5.84557062199002,0.106858868591373,0.0973193001342471
2.00501253132832,-2.55037805085258,-0.883467770096055,-0.884225558556143,5.40084825322595,0.0720906332575284,0.0985689505583006
2.05513784461153,-2.61500902213529,-0.617314840660918,-0.610200054231713,5.1366433687685,0.124823146789344,0.0852305881548967
2.10526315789474,-2.63100237621824,-0.371320876259382,-0.375326613598174,4.98058980816178,0.16533813430234,0.0596834836245597
2.15538847117794,-2.63533820814292,-0.114542189260339,-0.111379207714422,4.88310726337247,0.192070809662383,0.023194960491801
2.20551378446115,-2.64589375663072,0.121986394311286,0.130650279375185,4.76750093575411,0.047980695311054,-0.0238928141441699
2.25563909774436,-2.62453453497575,0.361730686942152,0.295525337675086,4.73373996468796,-0.0697373609754557,-0.0821040302054804
2.30576441102757,-2.61180031833827,0.600673984126834,0.572620899662089,4.82230286089083,-0.149901615333774,-0.152808745054249
2.35588972431078,-2.57267701308773,0.832047096620649,0.890862009084415,5.01102370489885,-0.275291441691275,-0.238239651274368
2.40601503759398,-2.52599106929562,1.11267829214024,1.17581926664075,5.38308030691363,-0.323554413317175,-0.341404242979474
2.45614035087719,-2.44973970776156,1.36953206173782,1.42798553047635,5.77394267761363,-0.447547219252587,-0.466076007517786
2.5062656641604,-2.37203767427932,1.68208263628876,1.70685547531428,6.12036338456836,-0.666297142460953,-0.6166034746708
2.55639097744361,-2.29150576092052,2.006054494285,1.96918469459802,6.58348296578763,-0.838682888245019,-0.797632268023789
2.60651629072682,-2.17912989986055,2.32267632114061,2.32270025288265,6.99053537272336,-1.05363266268512,-1.01379656476835
2.65664160401003,-2.04607977221707,2.70173807392919,2.76593294901916,7.34216443462871,-1.35989414549314,-1.26854040667496
2.70676691729323,-1.91468185962496,3.07575965795561,3.06830988825834,7.64895001656534,-1.62501494447991,-1.56349142644379
2.75689223057644,-1.72808390187994,3.45669849456275,3.3821582128924,7.68635729034833,-1.97845527529265,-1.8957029021649
2.80701754385965,-1.56817975906215,3.85104490025624,3.76807879973767,7.50674139452952,-2.30302106931382,-2.25548755994869
2.85714285714286,-1.3728776856909,4.20312399071565,4.14365279091106,6.95594127229659,-2.64766091787664,-2.62460889603529
2.90726817042607,-1.14410313994424,4.54955570543769,4.54669443553244,5.83569218306474,-3.11223390400832,-2.97543475968063
2.95739348370927,-0.913319613702485,4.81158531158471,4.89415443697365,4.3313660206423,-3.41061914797518,-3.27454959241666
3.00751879699248,-0.653661087553693,4.97364931298482,5.04950557034717,2.44992732092193,-3.54761884967434,-3.48231612322315
3.05764411027569,-0.409078003070917,5.04309799040102,5.050930987778,0.286508037107658,-3.56328469983412,-3.56780963631385
3.1077694235589,-0.144976324066492,5.01986531745524,4.89900109389043,-1.87255912196024,-3.35244074683102,-3.51561651863318
3.15789473684211,0.091062573270727,4.85867968088934,4.72154501920122,-4.02107990758666,-3.16038089687218,-3.32837133854296
3.20802005012531,0.31745209273636,4.59977137709124,4.58238274692845,-6.08433209864724,-2.98069719144908,-3.02680644394191
3.25814536340852,0.537583977378311,4.25766957687357,4.28814247811692,-7.77594554822412,-2.67151444187432,-2.64533520095684
3.30827067669173,0.760142863793681,3.82544860599459,3.8484285029655,-8.9645200237831,-2.26477521086112,-2.22108246057058
3.35839598997494,0.948843680088335,3.34009840845804,3.40707937572539,-9.72184116050296,-1.840133889629,-1.78910379632671
3.40852130325815,1.07318021060058,2.84402299003542,2.8904691040418,-10.1235270192516,-1.41053918402611,-1.37959156610434
3.45864661654135,1.22082858082326,2.34156970758873,2.32968777142269,-10.269588816787,-1.04756979276399,-1.01347034077521
3.50877192982456,1.3441271925966,1.82240133959009,1.87969370592178,-10.1813768593676,-0.661688450688962,-0.69765173610157
3.55889724310777,1.40372898758585,1.29889092663565,1.299133332763,-10.0870152579284,-0.40159854906813,-0.435645719286436
3.60902255639098,1.4539776678431,0.808701165168874,0.69963063050197,-9.96489345052497,-0.218178271065788,-0.227865183933563
3.65914786967419,1.4874684601475,0.334568678809466,0.303781914581412,-9.79139648719646,-0.0205747842375459,-0.0727297392954441
3.70927318295739,1.47844572277581,-0.192252050516279,-0.125509411815975,-9.70895377463691,0.0671169041633402,0.0321327684027003
3.7593984962406,1.47549364481165,-0.651807818509622,-0.633258223985093,-9.65358513957786,0.105442913913546,0.0885703520613864
3.80952380952381,1.42347757715808,-1.14393982832156,-1.13897453999321,-9.57774696910147,0.126912657332284,0.0979172787157206
3.85964912280702,1.35607846003265,-1.60591031181281,-1.63041596501041,-9.50600871443124,0.0756797844388739,0.0610810823928754
3.90977443609023,1.25881657818766,-2.09816614495944,-2.06933452465806,-9.36081358268714,-0.0188074177641369,-0.0205442943201677
3.95989974937343,1.14207866560268,-2.56503298867979,-2.51496985678968,-9.1067795977449,-0.163914332342058,-0.143630422431058
4.01002506265664,1.01746659652915,-2.99072378560038,-2.96759163169631,-8.59616179513617,-0.296367810741113,-0.301565254542588
4.06015037593985,0.849245187590646,-3.41816727521393,-3.35431586659001,-7.69906547591697,-0.331116567176687,-0.48332543750639
4.11027568922306,0.665276393629724,-3.79368443664606,-3.7763960180427,-6.61453489253156,-0.5052406829256,-0.673241294974818
4.16040100250627,0.47549550779163,-4.07448407878283,-4.1174442182717,-5.12419705878255,-0.6718709491652,-0.849903491989886
4.21052631578947,0.266556119484245,-4.28655085529006,-4.33380534127389,-3.30273662311525,-0.785598569342875,-0.989050351205073
4.26065162907268,0.0278335418713549,-4.42793359147858,-4.49694202869046,-1.37583862497184,-1.01666585600084,-1.07040315559198
4.31077694235589,-0.188538671984133,-4.42579062712623,-4.52766764966268,0.720251118922375,-1.14526427902883,-1.08130729320309
4.3609022556391,-0.415864559628327,-4.34853971249146,-4.35657592224329,2.78841226403176,-1.18734256822507,-1.01908336451404
4.41102756892231,-0.628881859359598,-4.14504136239172,-4.09040130898199,4.69878061731707,-1.06549420707272,-0.89310314905885
4.46115288220551,-0.833998856414673,-3.87165355815834,-3.77430675644815,6.38996576326206,-0.831542668048542,-0.722008860423441
4.51127819548872,-1.00214732404114,-3.52277199869158,-3.45483392701624,7.73914605554832,-0.549730967841741,-0.528578399312211
4.56140350877193,-1.16970623355648,-3.07736793537911,-3.08584283383567,8.74499310580152,-0.30165065531355,-0.336438061172402
4.61152882205514,-1.31477115705612,-2.64094040906985,-2.60148351092455,9.36909512353265,-0.123724632027233,-0.166756715110147
4.66165413533835,-1.45045833034057,-2.14771217934658,-2.12568979081785,9.60795812890505,-0.111057948935464,-0.0335843468810773
4.71177944862155,-1.51873398152618,-1.66604380071906,-1.68546204768404,9.81072180428663,0.00932398934945411,0.0557580055499195
4.76190476190476,-1.5934726900479,-1.1758705763356,-1.18648583652766,9.95775912192542,0.152993142884693,0.0971386862857444
4.81203007518797,-1.65753973760771,-0.677347978894752,-0.681847834162481,9.96547054277624,0.184586984552125,0.0893227966313226
4.86215538847118,-1.68251075080942,-0.161375011277012,-0.212860569429383,9.9692961857913,0.209312615439734,0.0328351525217333
4.91228070175439,-1.65428656503205,0.322194730724379,0.372461023684941,9.77908348389897,0.0165423669840532,-0.0708414481447374
4.96240601503759,-1.63586808005603,0.808223382949249,0.825827936965883,9.44110714531887,-0.349006701721983,-0.219879216049867
5.0125313283208,-1.59543767489955,1.28493919786874,1.14684166324238,9.21174280868624,-0.597061295438671,-0.412358948201152
5.06265664160401,-1.50452532798775,1.72022758986925,1.6257861646147,9.02487743531246,-0.772223116929206,-0.644896433992139
5.11278195488722,-1.43568358155437,2.17267685578003,2.20888493603361,8.74957957454349,-0.954084601136582,-0.911513932765106
5.16290726817043,-1.30034154964344,2.61305849316211,2.67957899617879,8.34556147104981,-1.10185278186669,-1.20262482165067
5.21303258145363,-1.15439024859289,3.01366781426202,3.03123883402795,7.55795436001914,-1.41537328066609,-1.50422214598476
5.26315789473684,-0.982405825299113,3.37077938616399,3.30862523707828,6.3823865742727,-1.84147145660372,-1.79740653500582
5.31328320802005,-0.826677958911537,3.65652124502801,3.53484902176968,4.99097510577142,-2.20230232811782,-2.05983276273408
5.36340852130326,-0.652273299058383,3.86498400735764,3.79371634665946,3.36149155952512,-2.49551676462479,-2.26759634296381
5.41353383458647,-0.435943412274963,3.99715173549788,3.97575729806804,1.61040394423665,-2.5927309093579,-2.3981455141414
5.46365914786967,-0.239980899816547,4.03204717063095,4.02930935018796,-0.168208901920938,-2.51188461800408,-2.43706529846026
5.51378446115288,-0.0319839161868084,3.9698467932389,3.96150923932363,-2.00716619621418,-2.38809489445736,-2.38017854820379
5.56390977443609,0.141051116106526,3.83524691251388,3.7866090234356,-3.74721061096119,-2.223981618374,-2.23407988958913
5.6140350877193,0.349148450721249,3.60263557661214,3.59021662200032,-5.27354266212873,-1.99491850289654,-2.01522660689696
5.66416040100251,0.521172178630248,3.29345462166919,3.33651120147705,-6.60944522583754,-1.77063348508848,-1.74576150901571
5.71428571428571,0.665912015848606,2.94036853704891,2.9922994402835,-7.60558703667302,-1.47337742683508,-1.44929700538038
5.76441102756892,0.821482655534925,2.53544880264803,2.60039399274874,-8.29093722718341,-1.14653341652759,-1.14872790469144
5.81453634085213,0.928902382362043,2.10185411615709,2.15051888089722,-8.73063228246845,-0.831996575450115,-0.863944520356973
5.86466165413534,1.04448478178865,1.66364240045795,1.59916464411455,-8.97592278470947,-0.558777008343535,-0.606991707879419
5.91478696741855,1.09301437819997,1.19918363652722,1.11278485622232,-9.04517506482067,-0.319110680924741,-0.385574604676279
5.96491228070175,1.13882431851275,0.761093620161422,0.751664663086608,-9.06683802146718,-0.141083038203494,-0.204399706099645
6.01503759398496,1.16633627730293,0.285880912587207,0.40038028176317,-9.12377844479581,-0.0850262373374946,-0.0655334315335164
6.06516290726817,1.18606801006779,-0.142698730851097,-0.00562317539602133,-9.08585616993998,-0.00396065181578109,0.0308138239908216
6.11528822055138,1.17985222062565,-0.624606227734857,-0.55879766998342,-8.96151742184642,0.0750840002473172,0.0853922419598789
6.16541353383459,1.11965816310903,-1.06217166370912,-1.14837784396567,-8.80443131915587,0.0555592133489373,0.0996440405339656
6.21553884711779,1.06204827898365,-1.48563382885543,-1.66622837240563,-8.49294174165407,0.0452793435301917,0.0759616868602234
6.265664160401,0.954322029990523,-1.91356008748968,-2.07237829652572,-8.04575446466118,-0.00930733147474427,0.0181976494983576
6.31578947368421,0.854497331888716,-2.30462552291355,-2.34446094260625,-7.52235379629624,-0.164130612925629,-0.0677517911152044
6.36591478696742,0.717292879920088,-2.66234422066854,-2.60044971575263,-6.74770852574966,-0.242365012315521,-0.173525918269331
6.41604010025063,0.585006363428873,-2.97650267498946,-2.89805151164385,-5.70699264335171,-0.269676089612727,-0.288694722534338
6.46616541353383,0.450687035775144,-3.24000179172771,-3.09816117887937,-4.46149370210827,-0.332204898497741,-0.399307488197363
6.51629072681704,0.26202319106089,-3.43412791666055,-3.31817935217547,-3.05087338204002,-0.369212955730935,-0.489884000267413
6.56641604010025,0.103414107709602,-3.53158283678429,-3.55312729599196,-1.4438709245766,-0.446772049657023,-0.54727852027573
6.61654135338346,-0.0668413174664434,-3.57863199269136,-3.5801696390675,0.276433801257983,-0.500870036908257,-0.562901282192025
6.66666666666667,-0.267945084062882,-3.52046557984763,-3.54732142482278,1.98706187306259,-0.507369858455291,-0.534149704136642
6.71679197994987,-0.432475823087083,-3.3720412572977,-3.40133581461242,3.66076705353021,-0.472737036428541,-0.464867975951843
6.76691729323308,-0.601053900479622,-3.14665126753893,-3.08817174406991,5.13271061971856,-0.390904065681365,-0.36482416732288
6.81704260651629,-0.744719861019067,-2.85687868607417,-2.83894865525064,6.32576590207648,-0.321757362287798,-0.247999015229054
6.8671679197995,-0.874546033897919,-2.51286427498738,-2.50038527228815,7.34748944195867,-0.230243954636643,-0.129871100403472
6.91729323308271,-1.00229533932867,-2.12484722659504,-2.10273797542976,8.1694561557052,-0.0598190282602182,-0.0255156195773828
6.96741854636591,-1.09995170126692,-1.69302860966601,-1.71049035772758,8.7739938193232,0.0604000967168421,0.0521518866478474
7.01754385964912,-1.15274656954846,-1.23982737905939,-1.2232865137941,9.13650938800838,0.11672477421871,0.0941082298560459
7.06766917293233,-1.22710886637793,-0.777790624628302,-0.803858520594357,9.26992346531127,0.0704883736032365,0.0951759822462622
7.11779448621554,-1.24106804560091,-0.310301266551096,-0.390435506106537,9.2163348110916,-0.084698684020033,0.0526573574317351
7.16791979949875,-1.25621380168297,0.147766190544713,0.146718240921069,9.19273861979712,-0.132964458817712,-0.0335780554815827
7.21804511278195,-1.23895665348747,0.605348519308397,0.655933883454102,9.13470778019638,-0.119448201916859,-0.161311945610417
7.26817042606516,-1.18506249512165,1.04684659571534,1.10046709215268,8.8101993824789,-0.295310531912175,-0.326295588126683
7.31829573934837,-1.12202699320684,1.51537774098727,1.50950132735262,8.34125519749393,-0.498241377750981,-0.52233387660941
7.36842105263158,-1.03590432110363,1.89306055529011,1.88012727192795,7.71388130260566,-0.737256934989636,-0.739799158620395
7.41854636591479,-0.937929648363505,2.25184435742199,2.25895810216257,6.8407458019095,-1.04506317180881,-0.966255958379421
7.468671679198,-0.815690440435534,2.59276962685072,2.56999300319185,5.84802090854067,-1.2688532189947,-1.18722139272677
7.5187969924812,-0.6668074008322,2.85534653057087,2.83990004239898,4.7524877839803,-1.38619984321299,-1.38689654139489
7.56892230576441,-0.531388353140436,3.05951350947501,3.0277908364372,3.40676372547107,-1.52725006236142,-1.54906961307799
7.61904761904762,-0.374989943536215,3.18285713676189,3.14095398211587,1.88011798243288,-1.69077949863591,-1.65882263247795
7.66917293233083,-0.209454346533844,3.26507036974022,3.24418722534523,0.324376766821543,-1.74109115235524,-1.70610995328261
7.71929824561404,-0.0513575031359309,3.22831262529138,3.18728719600864,-1.22337429985415,-1.68754170918755,-1.68663480284948
7.76942355889724,0.115384938055211,3.11592006159102,3.05645678181396,-2.71529829980818,-1.66379810134113,-1.60318044967008
7.81954887218045,0.25808367377521,2.96047654848925,2.93950870271812,-3.95067533567274,-1.43745422090031,-1.46525075121541
7.86967418546366,0.391070295642695,2.72555261101813,2.72243254843436,-5.01233546845934,-1.17335153614611,-1.28677313218567
7.91979949874687,0.543814457073018,2.45434463439571,2.51367140615398,-5.97264922123835,-0.996416136405301,-1.0832081189194
7.96992481203007,0.650476242076645,2.1312103040733,2.24615290419336,-6.82593384126568,-0.857260297861697,-0.869918844176021
8.02005012531328,0.752744808318569,1.76406579003065,1.78414961495697,-7.50645447158222,-0.768198980483692,-0.660543347452464
8.07017543859649,0.842807431293072,1.39373985696941,1.38831755704181,-7.81021146127328,-0.551673535978241,-0.46636070901829
8.1203007518797,0.891262766547486,0.957713850885748,0.954231352019712,-7.92377607726002,-0.261575595945487,-0.295299831517958
8.17042606516291,0.925591344207972,0.589160827382486,0.467978263577256,-8.01675451679936,-0.161069459359303,-0.152424864338854
8.22055137844612,0.956268636683344,0.195955867506328,0.156704686756792,-7.96269574881879,-0.0216336895274063,-0.0408768905560473
8.27067669172932,0.925860987892033,-0.221657101975947,-0.185816048244029,-7.85175025620256,0.0952680029618875,0.0380023035355806
8.32080200501253,0.932100660327415,-0.615737300517729,-0.605201781690648,-7.70444109875265,0.127954286639405,0.0844435213704417
8.37092731829574,0.889127288255096,-0.984909169237601,-1.01820958502831,-7.44314909674614,0.140500143131245,0.0999861746404984
8.42105263157895,0.821163154400188,-1.33756321485405,-1.45738106543451,-7.11061365073212,0.0791205052890183,0.0873513802947223
8.47117794486216,0.739061676805636,-1.70384179448188,-1.79688762931269,-6.6374845906512,-0.0405865544432871,0.0507988717770411
8.52130325814536,0.634633444080278,-2.03243254718852,-1.92374748139175,-6.0025263233717,-0.12490839746811,-0.0037453924584706
8.57142857142857,0.545865862291025,-2.29091860730763,-2.10976360617715,-5.09781901744193,-0.0148252712587302,-0.0688130759017921
8.62155388471178,0.43036119243069,-2.52772615320809,-2.40690667458654,-4.06672835001944,0.0310506048247845,-0.135702305555556
8.67167919799499,0.318607323985272,-2.71659091306443,-2.64348087411696,-3.06068076326084,-0.129913610946055,-0.19536371849602
8.7218045112782,0.151718585848871,-2.82961653388174,-2.84586026767854,-1.87772869717193,-0.257533194623685,-0.238708877199439
8.7719298245614,0.0154023168234258,-2.89844755263068,-2.96323323448437,-0.442744616419892,-0.265326118719034,-0.258715172808076
8.82205513784461,-0.116916421861285,-2.88878572613279,-2.91212404110629,1.00232307179502,-0.280556231772104,-0.251995634791481
8.87218045112782,-0.284791070701849,-2.80049888105273,-2.84031292295844,2.40893189978112,-0.244138969897038,-0.219417810503397
8.92230576441103,-0.411230039870542,-2.62819800529859,-2.70050922200758,3.73133964547536,-0.231954286366237,-0.165979371073288
8.97243107769424,-0.548191701925029,-2.42954967724617,-2.3817969426702,4.86849191524831,-0.213695525020374,-0.0995626778709649
9.02255639097744,-0.656624896882677,-2.15066975967117,-2.06599967084641,5.89227876747284,-0.0809904049240862,-0.0299590339820306
9.07268170426065,-0.747108134325985,-1.83712159778545,-1.7618512460032,6.72935199580677,0.0302737153821884,0.0325039329784087
9.12280701754386,-0.835040967083422,-1.47099127075991,-1.47264207856487,7.36935359781276,0.121681187012503,0.0781998309263269
9.17293233082707,-0.894687793035657,-1.08791857708769,-1.19310438384411,7.78145128347592,0.101073642233881,0.0992527134030692
9.22305764411028,-0.950101583387645,-0.708630875712012,-0.754656686090343,7.99436682208099,0.00960444216412526,0.0903691909961803
9.27318295739348,-0.981334631870772,-0.278795224855096,-0.242337598288849,8.10239998294984,-0.01729718413646,0.0487234555809654
9.32330827067669,-0.979860941844273,0.107280937032952,0.220376633517917,8.10154901374325,-0.0193000801321723,-0.0261302287409918
9.3734335839599,-0.944173640740168,0.524401298599988,0.647103488467458,7.931993154212,-0.0641078047520969,-0.132190256614154
9.42355889724311,-0.910421274175123,0.907827149932093,0.936362672326432,7.61997106795445,-0.127023889140546,-0.265102269581284
9.47368421052632,-0.862548493969731,1.28336707417746,1.16316371009122,7.10729697708032,-0.320898216014459,-0.418368755691044
9.52380952380952,-0.785764203076308,1.63021602536839,1.56532999833775,6.38735663561605,-0.606834266025861,-0.583657523629723
9.57393483709273,-0.715319402434036,1.92062691834355,1.97129491144071,5.52447913661689,-0.811040787739515,-0.75033081177931
9.62406015037594,-0.597086408858155,2.17915206678852,2.19395105951206,4.49785686483764,-1.00962426614007,-0.906671497067956
9.67418546365915,-0.466824589697029,2.37732646059322,2.38476592330049,3.46025930429561,-1.08853785126794,-1.04109641516177
9.72431077694236,-0.363755508664267,2.52295473513213,2.48648319260954,2.34223015001835,-1.08620889270997,-1.14309366447417
9.77443609022556,-0.238971062147506,2.60556110846454,2.50611005703584,1.03069779319967,-1.23329728234037,-1.20426517050419
9.82456140350877,-0.0994528912270207,2.64088595140372,2.61035936951305,-0.287475719628243,-1.32325631680767,-1.21981867748749
9.87468671679198,0.0286937160743853,2.58433584535357,2.7085806269201,-1.47579882023289,-1.19324729034205,-1.18903309086309
9.92481203007519,0.159145871247239,2.46367882901493,2.64269896548514,-2.62982517679951,-1.01119870219021,-1.11551552608841
9.9749373433584,0.291696889330703,2.32637198779442,2.36862490634108,-3.60189958143738,-0.761583617999616,-1.00675091776463
10.0250626566416,0.419884181022679,2.12577222756091,2.04033741989946,-4.40992778030681,-0.560733833639769,-0.87247996278379
10.0751879699248,0.497366773673607,1.86385441412873,1.77391801646688,-5.25187428549725,-0.563492321454556,-0.723159532037053
10.125313283208,0.5623174958576,1.60224911134893,1.4991029490684,-5.86455359641219,-0.479841309769207,-0.569044373424816
10.1754385964912,0.656563993331329,1.28134016419323,1.29592741611377,-6.33023753566095,-0.404534820664198,-0.419285066175635
10.2255639097744,0.718655191891485,0.957667654096002,1.01615432427485,-6.73027516282526,-0.328604951796408,-0.281495459875155
10.2756892230576,0.745010620116363,0.626434277722584,0.599023399828314,-6.83587016272852,-0.145837518903508,-0.161186282020427
10.3258145363409,0.774591845933871,0.249539782189352,0.212012885442008,-6.83063294197633,0.00562045598574468,-0.0621100097439346
10.3759398496241,0.762875042311271,-0.0634122081187106,-0.093546636575137,-6.80421760720044,0.0367914227382613,0.013531120580909
10.4260651629073,0.774501107038703,-0.401276623994855,-0.374228263259861,-6.61449457259347,0.155477169977564,0.0650469367142362
10.4761904761905,0.722208747262107,-0.741046619075916,-0.700657147719265,-6.44515305633513,0.127320096918035,0.0931358185617852
10.5263157894737,0.696725673372444,-1.05666120867827,-1.09466506603423,-6.15981413712663,0.0951918380745456,0.0997182179071162
10.5764411027569,0.63075089010871,-1.34937520616174,-1.3644556071938,-5.63251397409937,0.102808638148383,0.0878722362654601
10.6265664160401,0.548392804177926,-1.62349349122753,-1.56495309791064,-5.01537319928821,0.150698168565057,0.0619090890771586
10.6766917293233,0.45919842104418,-1.85336515569407,-1.8492429537559,-4.31852188678149,0.102844305077001,0.0271471310312738
10.7268170426065,0.384007005161461,-2.05689940109014,-2.02311083177042,-3.5463669770849,-0.00602364697017022,-0.01045920109368
10.7769423558897,0.26469590643866,-2.20082300733349,-2.13434473797217,-2.5689800961308,-0.0021958794591117,-0.0448592612226849
10.8270676691729,0.141571285262784,-2.32053366531635,-2.27893992438784,-1.45185349131594,0.065077018961913,-0.070432775814614
10.8771929824561,0.0430571626538537,-2.36364581604373,-2.31830996140344,-0.283016199795565,0.0726749597146039,-0.0827501957177467
10.9273182957393,-0.0715156734493967,-2.32812565251964,-2.34525058966588,0.950153773760566,0.193984266226209,-0.0796076929321974
10.9774436090226,-0.201869628141293,-2.27052504307641,-2.34200197416311,2.02311953266938,0.0852613699208205,-0.0614203746147594
11.0275689223058,-0.309693340678773,-2.13151711247535,-2.17401319014785,2.95451390745407,-0.056278465063262,-0.0311838972581083
11.077694235589,-0.433461878298796,-1.96137205089165,-1.99862572622421,3.90770314635236,-0.063680508802479,0.00616901837656822
11.1278195488722,-0.489456926074013,-1.75557707624514,-1.7248875392932,4.76607980647028,-0.0426922663286344,0.0443710601257663
11.1779448621554,-0.599012672874729,-1.48067549110286,-1.44091553683553,5.50082833884585,0.0452573289868861,0.0766190937435324
11.2280701754386,-0.668048041845837,-1.19759252786289,-1.26874969089076,6.08849332897784,0.0989473470792044,0.0964178020146043
11.2781954887218,-0.696024185744815,-0.869939581706428,-0.910846101736079,6.51131230788735,0.0655906287726671,0.0983477043267465
11.328320802005,-0.761596809681931,-0.547082114511264,-0.497634623664749,6.72174256259008,0.0487014301671991,0.0786617932626746
11.3784461152882,-0.770403096304784,-0.202519192462579,-0.258630116468941,6.80690989681768,0.000428347612978719,0.0354249983781414
11.4285714285714,-0.762161737448283,0.153273494604197,0.155991295778931,6.82814723096472,-0.0290702319091247,-0.031334306030628
11.4786967418546,-0.75639295450409,0.461536870975743,0.55299339496542,6.64071991425829,-0.0544568082083741,-0.119604118739616
11.5288220551378,-0.726914032400674,0.820527848291913,0.796640283606527,6.21083526265685,-0.247132048692839,-0.225491715446571
11.5789473684211,-0.657674361414748,1.10795378964933,1.19955508344996,5.73026060375378,-0.371551669793202,-0.343465172027013
11.6290726817043,-0.607973276602143,1.38027610624464,1.49691366990795,5.12113707151451,-0.404298380198266,-0.466598386855396
11.6791979949875,-0.526276846959685,1.60726689655759,1.57948742173478,4.39407190306498,-0.490762727688034,-0.586739182390389
11.7293233082707,-0.419785125686868,1.83071997381537,1.7246357161246,3.62030152392277,-0.55783981088785,-0.69553178761973
11.7794486215539,-0.36118179841425,1.9842138774778,1.88667381422462,2.66844871052444,-0.679993781188793,-0.785139407224413
11.8295739348371,-0.253732947451274,2.08601311867343,2.00750846379086,1.53611384019381,-0.898742449234886,-0.8488994266227
11.8796992481203,-0.146893111915661,2.14035401767175,2.17225438987512,0.448987199249362,-0.988642115035432,-0.882091410748828
11.9298245614035,-0.0289967614309573,2.13512649248877,2.21482666070576,-0.49992196908126,-0.824115882013705,-0.882468950826908
11.9799498746867,0.0744572719634081,2.07427076368891,2.04093562262798,-1.54501149114041,-0.810335023623098,-0.850641027027376
12.0300751879699,0.171691927812951,1.99372632497702,1.85846810557315,-2.50147834097014,-0.826798108220683,-0.789992595425241
12.0802005012531,0.266383818551718,1.83761261130218,1.73280879782539,-3.28232502777343,-0.748295215417233,-0.706008011556399
12.1303258145363,0.334567083623655,1.63573804346512,1.59290831632795,-3.956538557424,-0.636364944846127,-0.605340502033997
12.1804511278195,0.427400061578661,1.44136318957449,1.43408438068204,-4.53955601099805,-0.530798273391546,-0.495189316994297
12.2305764411028,0.489533069792501,1.1997918714175,1.26947725516323,-4.99984553836914,-0.391362258659628,-0.382575682131335
12.280701754386,0.544413844133087,0.944824203187015,0.992325030548926,-5.39237027058059,-0.279625511585864,-0.27388495542602
12.3308270676692,0.592589554660972,0.637497422909813,0.698575863162835,-5.68696873919939,-0.241169990607322,-0.174252256847269
12.3809523809524,0.618293280917518,0.375361445609078,0.441008220902826,-5.76614626472463,-0.080076733839781,-0.0876076625172279
12.4310776942356,0.629381723079516,0.0773044249877313,0.140956409883855,-5.70994503787406,0.0911625276674677,-0.0166222170569115
12.4812030075188,0.633738961092172,-0.212454457100869,-0.21319390168605,-5.73323556722562,0.0652260644042491,0.0373063232275249
12.531328320802,0.615885905755231,-0.487580844055121,-0.475744538271566,-5.6061486513365,0.0245673794847407,0.073978464349922
12.5814536340852,0.583594940298476,-0.769568873551606,-0.741991206876396,-5.26567185484844,0.148943988945542,0.0942612169524132
12.6315789473684,0.524006310468134,-1.03727415605003,-1.0656221790508,-4.82965969595138,0.188491785142086,0.0999787028305658
12.6817042606516,0.50016861407283,-1.24184017237519,-1.29330149224866,-4.21894075107201,0.292568205583057,0.0938981198206259
12.7318295739348,0.394396586857403,-1.45963905444913,-1.48651488138706,-3.63551729471621,0.250670747488072,0.0795191768641127
12.781954887218,0.328818373592148,-1.60417077984552,-1.68162947673436,-3.08430266380472,0.083846483970333,0.0607871045080685
12.8320802005013,0.24089847068247,-1.75919318682463,-1.74163758971097,-2.36849956507984,-0.0487331404705067,0.0417304865475083
12.8822055137845,0.154302086276951,-1.86202012894267,-1.7447048023443,-1.5578558312602,-0.0506990568945513,0.0261711970444557
12.9323308270677,0.0615672913421383,-1.91173475495319,-1.83443874835627,-0.622698266369977,0.00298039097400016,0.0171484333270814
12.9824561403509,-0.0303896406245842,-1.91445347997495,-1.92857505731682,0.456280787330206,0.165378501481707,0.0163958502763128
13.0325814536341,-0.118878102257904,-1.87711818073407,-1.9085163322406,1.37252986790275,0.105508979952355,0.0240785736334208
13.0827067669173,-0.228706464258959,-1.77442455514563,-1.8059123577737,2.27239491113582,0.122105127257196,0.0387799878446475
13.1328320802005,-0.319392259319344,-1.63611453576481,-1.67782827379053,3.11490155830457,0.117029154845503,0.0577409970038849
13.1829573934837,-0.374463703052391,-1.48023292524011,-1.4391561474518,3.74782032501917,0.0255109122892301,0.0771523344501817
13.2330827067669,-0.463757502972937,-1.24874193686152,-1.24145347368602,4.33289758118901,0.0231997963328654,0.0926524284583583
13.2832080200501,-0.510049292425877,-1.04063603622814,-1.07370715649624,4.87966315375925,0.0594453909955996,0.0998758204367573
13.3333333333333,-0.562819241764143,-0.777964099615496,-0.789929477431145,5.28293896489165,0.0514237670222109,0.0950473819425065
13.3834586466165,-0.595501942014803,-0.500897111156512,-0.458858389092868,5.61725626576819,0.136236885150148,0.0754121336463867
13.4335839598997,-0.607157297222038,-0.215976314433413,-0.16200425235159,5.71562837208661,0.10803775730266,0.0394535252461395
13.483709273183,-0.612412395075325,0.0781941774049354,0.123585483081363,5.62150891612841,0.00908116275863335,-0.0129192325015616
13.5338345864662,-0.589315060442592,0.351078073962003,0.375055768036347,5.46122321509029,-0.0462127491011302,-0.0803308659301347
13.5839598997494,-0.577919730146389,0.605892183504116,0.567511767921056,5.12462583730927,-0.181383430146598,-0.159989818610033
13.6340852130326,-0.534836548439502,0.878950746183774,0.786848611849115,4.74528656059602,-0.291618682418322,-0.247925526284717
13.6842105263158,-0.492151913597275,1.08862438145318,1.02917870929285,4.32262855249063,-0.316684041852811,-0.339056313405497
13.734335839599,-0.444321419451253,1.29276637808166,1.20433950245353,3.66956514731533,-0.473542368245636,-0.427623603658215
13.7844611528822,-0.358629983778196,1.46534010161129,1.42562580603376,2.92377417851691,-0.640699878984226,-0.507794527908023
13.8345864661654,-0.303235179896034,1.60192169941496,1.65372777395481,2.20679849699117,-0.627520852641392,-0.574126909099282
13.8847117794486,-0.208449340588176,1.66974723339757,1.77925444813865,1.36206398047106,-0.645254148570107,-0.622081220741852
13.9348370927318,-0.109385934349583,1.72947574697441,1.81798373044693,0.549258418588573,-0.573762373053104,-0.648332797990614
13.984962406015,-0.0234197810581041,1.74682470511648,1.79280571346648,-0.177027350847783,-0.410689706936821,-0.651150446127228
14.0350877192982,0.0675987993087834,1.69895718451577,1.63222034741011,-0.967345525922565,-0.330132426165953,-0.630743815932645
14.0852130325815,0.131368297422744,1.64520554185342,1.51850773881372,-1.87314442048092,-0.506071502556349,-0.589218370412546
14.1353383458647,0.2304039535486,1.52669466587688,1.42693197977415,-2.67076955761914,-0.556439165873897,-0.530293337562337
14.1854636591479,0.267904826837092,1.37964024005005,1.31972222083005,-3.37742195408712,-0.63941181422198,-0.458353763318586
14.2355889724311,0.361905098311975,1.17065700681697,1.19016169635208,-3.88644939756193,-0.526902204156109,-0.378304925644303
14.2857142857143,0.390966749713278,0.989987194545205,1.02752203351443,-4.08179532065961,-0.241954845420625,-0.295095663433433
14.3358395989975,0.460458453728805,0.761224543156729,0.753222512162498,-4.28970745942233,-0.000225913122926968,-0.21333972808551
14.3859649122807,0.478084514176552,0.562458040027451,0.446766375157354,-4.64856496214915,-0.138655165194341,-0.137016301784189
14.4360902255639,0.501213185278899,0.324648715741265,0.269692333211342,-4.83595163244118,-0.155756502199259,-0.0691829612427146
14.4862155388471,0.493805464668188,0.0511695425650391,0.122243094832925,-4.88008907708328,-0.136314707379237,-0.0120515642003399
14.5363408521303,0.507856984813179,-0.189621317454942,-0.0445459122128872,-4.82251389354296,-0.037015678667232,0.0331221941916696
14.5864661654135,0.50941658460625,-0.395973233162961,-0.377079132121582,-4.51563791072805,0.189742845442764,0.0660124731481168
14.6365914786967,0.476729209433947,-0.643768669547146,-0.737577929410546,-4.28339005748301,0.175041874682962,0.0871470282247962
14.68671679198,0.425311822128948,-0.842831913050621,-0.938732341517175,-4.08314741612713,-0.0265333257637339,0.0977868790875515
14.7368421052632,0.361476186062016,-1.0383350648143,-1.03860505260117,-3.61514106867473,0.00242431557014644,0.0998274925452747
14.7869674185464,0.329174296669046,-1.2130150935287,-1.13679610639195,-3.05535911657833,0.0509618295617122,0.0956741034798201
14.8370927318296,0.276931533753096,-1.35136894815625,-1.23622116172527,-2.51777768397332,0.039369118740443,0.0879872873004723
14.8872180451128,0.184081396445562,-1.45070222377145,-1.46824676773743,-1.843969861591,0.088263837881611,0.0794052573386241
14.937343358396,0.121656925351219,-1.53707062752371,-1.64243160183482,-1.1324594339953,0.00802417069695882,0.072276889284773
14.9874686716792,0.0394246315433475,-1.57730768855992,-1.5586024476735,-0.308027748606339,0.0215972813214715,0.068407839091327
15.0375939849624,-0.0502789863395956,-1.56550654521494,-1.46921085847493,0.579729709523725,0.190079622374871,0.0687430335865234
15.0877192982456,-0.116345900372176,-1.52114196557347,-1.49995237102645,1.30343183826139,0.190611365053621,0.0732137286942131
15.1378446115288,-0.176084349322574,-1.41822412859285,-1.39889699357173,1.92043608731573,0.0667544760862926,0.08074294032416
15.187969924812,-0.255296383151255,-1.32768893139906,-1.28822315333418,2.51877427309468,0.0544780184607112,0.0894326800302219
15.2380952380952,-0.338103552405248,-1.18937336740001,-1.24893850045734,3.10450357843958,0.0256232964126943,0.0967813314835462
15.2882205513784,-0.357156872274088,-1.00814998565763,-1.01665893507682,3.68417666933793,0.0533811313782322,0.0999966105615935
15.3383458646617,-0.429891409067574,-0.813406964420394,-0.746998181238477,4.12168615387521,0.111104001382635,0.0963548837564831
15.3884711779449,-0.461251924390903,-0.590830215418729,-0.629314453966101,4.36754717640287,0.065092570329349,0.0835696797872762
15.4385964912281,-0.471915133848795,-0.379590875430728,-0.386666127444153,4.56909478068839,0.00204600355974982,0.0600581484688961
15.4887218045113,-0.497322655363874,-0.141905120516006,-0.0599883951454216,4.71111975169794,0.0702366930944596,0.0251403415736412
15.5388471177945,-0.496246312661454,0.0956040920075154,0.14700367079225,4.65285272176777,0.0336740301125804,-0.0208449205765022
15.5889724310777,-0.474784838124414,0.334970815834011,0.414482334244743,4.46455064879773,-0.0484620374628912,-0.0765339083847868
15.6390977443609,-0.445089601245189,0.549628796998269,0.643165501179492,4.20456249006184,-0.051122391843144,-0.139589270764631
15.6892230576441,-0.419602493999428,0.730924293517889,0.727356037978159,3.84271550779682,-0.0996897259506424,-0.20688473205697
15.7393483709273,-0.369780204684122,0.942115654276615,0.821362215913207,3.40674617773861,-0.193690657309466,-0.274625600886002
15.7894736842105,-0.331152656295411,1.09156964652495,0.950556319919105,2.92413671321893,-0.266071017095269,-0.338676681025639
15.8395989974937,-0.283447332117841,1.22271922687821,1.12763801293533,2.29689427907699,-0.418928000257934,-0.395006894930537
15.8897243107769,-0.218614598824172,1.31517292669271,1.32248093263942,1.65312115921514,-0.470248972177002,-0.440013379922315
15.9398496240601,-0.15311400801809,1.39351107568355,1.47294004190375,0.99598276377801,-0.449892405419694,-0.470843844927254
15.9899749373434,-0.060789722365023,1.42095726627082,1.54252397362012,0.252394346080982,-0.438766828404886,-0.485514884010334
16.0401002506266,-0.00211692422418224,1.41968305043091,1.43299485206516,-0.470819566476596,-0.40497337171296,-0.483207851513857
16.0902255639098,0.0819256183595193,1.36628202832756,1.31345964448013,-1.09389454992706,-0.376977314931497,-0.464404243963183
16.140350877193,0.140345389787266,1.30520529110753,1.29883401159621,-1.65185662616441,-0.298605727601459,-0.430825172005098
16.1904761904762,0.184982016968924,1.20640083987041,1.18559878303815,-2.18696250325159,-0.205776876054802,-0.385162703687038
16.2406015037594,0.272800230489488,1.09258702611373,0.969292988967985,-2.7396149914206,-0.243788442002891,-0.330503993103272
16.2907268170426,0.305679244843095,0.928073575381224,0.84166194495551,-3.27449214004116,-0.370504021210796,-0.270316604899208
16.3408521303258,0.335177162450541,0.764835513760203,0.677619548799216,-3.57335744787157,-0.286856958980317,-0.208065642819901
16.390977443609,0.357076875998269,0.562681412388264,0.561761158012369,-3.75698615843041,-0.223642724670761,-0.14699324694786
16.4411027568922,0.411023099195392,0.379953742281294,0.490599439240183,-3.95956870696338,-0.158010509375033,-0.0898629899051847
16.4912280701754,0.415115540452783,0.194857802074789,0.315392164232603,-4.00014170300166,-0.0211506476850301,-0.0388471382818178
16.5413533834586,0.427948676568907,-0.0319978344052386,-0.0195723852329278,-3.93184323218075,0.153705886424215,0.00451401502299056
16.5914786967419,0.415814207266631,-0.228380815059534,-0.31075860397387,-3.94612724421588,0.0152619861083649,0.0393853931998789
16.6416040100251,0.408745597149189,-0.397108112874617,-0.451220437530924,-3.76990704870215,0.0358515846087029,0.065604055274596
16.6917293233083,0.352840624887762,-0.592318450891508,-0.663491085416813,-3.4843989705316,0.0671091165598874,0.0836146158258582
16.7418546365915,0.341712621999171,-0.783606586387742,-0.819868261142564,-3.22188757627703,-0.0255134985136944,0.0943638185729768
16.7919799498747,0.292719659076919,-0.907766497612997,-0.877159624776591,-2.73849117536762,0.0502613101504816,0.0992217240918868
16.8421052631579,0.231506775706402,-1.03996977768428,-1.04470742181127,-2.17362511330988,0.195874764948844,0.0998455431516195
16.8922305764411,0.192420214959951,-1.13985140005056,-1.21617149904914,-1.78150324448841,0.00873090704688528,0.0979803680671402
16.9423558897243,0.126679692971393,-1.21008585796596,-1.18302746355866,-1.28888763827638,-0.0947443435795539,0.0952614901919746
16.9924812030075,0.053947939520598,-1.26808332206525,-1.20758141018009,-0.677374173282374,-0.0409572795447735,0.0930458495423405
17.0426065162907,-0.000632012287356758,-1.29281587576017,-1.21917862125609,-0.0437264127346476,-0.0342206239009486,0.0922359575506067
17.0927318295739,-0.0452368449224296,-1.26236527017681,-1.20892719825448,0.664208857183012,0.102368856601427,0.0931369809204377
17.1428571428571,-0.125429769949765,-1.22662915180183,-1.21553349423868,1.33075702866498,0.154172183857607,0.0954098974042647
17.1929824561403,-0.176798482948973,-1.13024562932235,-1.14382121503265,1.90668613183904,0.158499211004813,0.0981257252124695
17.2431077694236,-0.245782774615981,-1.03427039028,-0.968102351965886,2.39302710355087,0.109834274753099,0.0998978656107955
17.2932330827068,-0.266299746093205,-0.891571197720686,-0.791679985518904,2.77370748442126,0.0983684769430471,0.0990443496334739
17.34335839599,-0.31790921951305,-0.747693320098374,-0.696513225774221,3.09303750385549,0.0606229827010512,0.0938117550781706
17.3934837092732,-0.342903153720148,-0.589543709219181,-0.626463849497816,3.40647216621584,0.0791607789886628,0.0826163172357142
17.4436090225564,-0.376996692693011,-0.409467242781192,-0.473550950641391,3.69672323299256,0.0847445736182051,0.0642676513834834
17.4937343358396,-0.39791144873836,-0.220352674734352,-0.278906406337301,3.86920455165982,0.107695005534646,0.0381093069833934
17.5438596491228,-0.401989889591396,-0.0143511043484863,-0.0399805390516209,3.85075494291453,-0.0148022838462571,0.00416641832645883
17.593984962406,-0.396295281302295,0.175199371190526,0.275382280559678,3.73170735804908,-0.0660858128035415,-0.0368343874021327
17.6441102756892,-0.388640662893763,0.346348781379739,0.430122732984746,3.54559563006449,-0.0696051582101482,-0.0834758960311887
17.6942355889724,-0.342366124408261,0.525849656516646,0.567485681390746,3.30687496316683,-0.0974858402584888,-0.133723120433756
17.7443609022556,-0.318362443527024,0.686338661299284,0.718424114080262,3.0167569530729,-0.0740556496139924,-0.185074093897997
17.7944862155388,-0.295948114055161,0.832261234889353,0.738413636632591,2.58852456210471,-0.144951308736286,-0.234662977234109
17.8446115288221,-0.234444364185551,0.941307328513963,0.789069159255807,2.09459320402824,-0.299170470705957,-0.279602592279135
17.8947368421053,-0.202001401739949,1.04044117533386,0.967166747288899,1.60142051684918,-0.379001592578817,-0.317225222622243
17.9448621553885,-0.157163764266987,1.10063531233531,1.1212766255505,1.05724990408924,-0.404298590676921,-0.34529772995039
17.9949874686717,-0.09706239625078,1.15016988036973,1.22336461422016,0.43912782219568,-0.451043709066208,-0.362144640884077
18.0451127819549,-0.0185960439930887,1.1515406505838,1.22314472833221,-0.137594972454048,-0.401444795431964,-0.366783278301841
18.0952380952381,0.0393172856432149,1.12823738279801,1.10913378474007,-0.612843956156126,-0.301381735782474,-0.359103446630706
18.1453634085213,0.0775157629787508,1.07779894562998,0.990776537633819,-1.13509894187669,-0.309172243777439,-0.339870513417562
18.1954887218045,0.126650041276824,1.02775435407939,0.927887367169476,-1.61722159650147,-0.334998541653232,-0.310630928991131
18.2456140350877,0.182489506445043,0.931903447777003,0.977769848913206,-2.06676470176677,-0.336420664129824,-0.273349062552684
18.2957393483709,0.227042621287407,0.795296764644354,0.921792124376484,-2.50867930530247,-0.280790387767752,-0.230344296507306
18.3458646616541,0.265078803866531,0.683651761532002,0.687955910855285,-2.75133647840283,-0.137314106381035,-0.184083521993147
18.3959899749373,0.312575160659065,0.527121601104605,0.5228092312556,-2.89690181558845,-0.0159339771963762,-0.136995524465912
18.4461152882206,0.313096672194358,0.383904854115103,0.388944911621862,-3.14324676140093,-0.037469262985971,-0.0913013190607329
18.4962406015038,0.331260222494888,0.229076919349698,0.22463074673762,-3.24859250614078,-0.004262774128728,-0.0488381459600522
18.546365914787,0.353760659856641,0.0475817532850353,0.144324410887076,-3.29737875623665,0.0171450648692164,-0.0110514297355096
18.5964912280702,0.346137406294971,-0.113731051472675,-0.0539376568158515,-3.35118430626912,0.0267514796631008,0.0211115765269001
18.6466165413534,0.343813535144405,-0.263326871421515,-0.320421529489133,-3.15675974902107,0.107789896771573,0.0471981858573058
18.6967418546366,0.324268258453858,-0.441656937659578,-0.387765618702211,-2.88552200438857,0.194871491253773,0.0672168797087369
18.7468671679198,0.283319837446368,-0.573133883840678,-0.515011208403016,-2.70287057969768,0.199686866856063,0.081573600768509
18.796992481203,0.27682428380728,-0.685626755627517,-0.679104250914755,-2.38084381111404,0.214784096929553,0.0909955587144263
18.8471177944862,0.243226999354507,-0.803959980257788,-0.771441037319452,-2.00981204147023,0.248546440637551,0.0964658137658212
18.8972431077694,0.175394181870848,-0.918040938855384,-0.956925566826276,-1.72480663644655,0.132150179815142,0.0990859336650561
18.9473684210526,0.142528792244555,-0.964228223072502,-1.09611512916794,-1.23094322519302,0.102615615356758,0.0999371616771349
18.9974937343358,0.0833748893397123,-1.02611989644653,-1.03961914106026,-0.636303312423868,0.153087540742136,0.0999526823346649
19.047619047619,0.0284922939714531,-1.0536354103847,-0.989898289031395,-0.129564745998077,0.185659138198492,0.0998114801239638
19.0977443609023,-0.0258769785052634,-1.02933234327948,-1.02826674929542,0.371596614212553,0.188328486481469,0.0998455309698358
19.1478696741855,-0.0599040634927702,-1.00782219027904,-1.02273352902166,0.856110868946139,0.160714900674089,0.0999908017744898
19.1979949874687,-0.1166940105561,-0.945607102534003,-0.946352602248746,1.2274666832546,0.0412814146025775,0.0997996668009553
19.2481203007519,-0.181142248944776,-0.889726045111923,-0.869738717633072,1.63178760446388,0.0125534961122062,0.0985034645149885
19.2982456140351,-0.204794642534916,-0.783764386803167,-0.752484831070369,2.07447424747522,0.0447943601091234,0.0951124473691558
19.3483709273183,-0.233336131837479,-0.678776351758189,-0.561222714241361,2.49326855057916,0.149444595477815,0.0885500696422273
19.3984962406015,-0.271354142450282,-0.537437385166809,-0.548688533140134,2.77079858956561,0.204618568865652,0.0778083468528333
19.4486215538847,-0.294138549668768,-0.393595350264176,-0.502192016215119,2.97127549294874,0.10727604696412,0.062105782739158
19.4987468671679,-0.308167705267834,-0.237070929686453,-0.286665405997343,3.16856244019367,0.129147434978082,0.0409827923932564
19.5488721804511,-0.34145805645407,-0.0923343594799145,-0.13007026124403,3.20561660328031,0.0731954357225164,0.0144263423134315
19.5989974937343,-0.314697931424667,0.0909861630892667,0.0483219390231899,3.14921126110162,-0.0115660707735308,-0.0171066467472906
19.6491228070175,-0.323488831417581,0.241242246170249,0.252014973284563,3.0099535013044,-0.07739623732131,-0.0526866899695599
19.6992481203008,-0.30628480242865,0.377150800267995,0.359092199163597,2.75392389998795,-0.171240575383108,-0.0909415754064956
19.749373433584,-0.279277636646553,0.514237231072382,0.488412158345878,2.51558072065485,-0.234633741241373,-0.130165916182459
19.7994987468672,-0.256457910459026,0.633392395743873,0.69516386760197,2.28872914409089,-0.174630403786895,-0.168367881869796
19.8496240601504,-0.216304839480369,0.742343167811707,0.822968137758735,1.9266766842457,-0.161144096244078,-0.203497950284161
19.8997493734336,-0.177047194995915,0.83169299852852,0.841711412981956,1.48064016810357,-0.191805991468937,-0.233626142085052
19.9498746867168,-0.120710261539566,0.887633065244043,0.751963017121418,0.961740041848786,-0.310787788224067,-0.257078859049493
20,-0.0993854921253677,0.925764485493424,0.681254583094384,0.683102441345128,-0.256585568050144,-0.272530438988923
